Region,Country,Item_Type,Sales_Channel,Order_Priority,Order_Date,Order_ID,Ship_Date,Units_Sold,Unit_Price,Unit_Cost,Name,Unique_Code
Sub-Saharan Africa,Seychelles ,Beverages,Online,M,18-01-2013,425793445,16-02-2013,597,47.45,31.79,John,Johica445
Europe,United Kingdom,Cosmetics,Online,L,01-05-2015,135178029,16-05-2015,1038,437.2,263.33,Keech,Keeope029
Asia,Jack-Sri Lanka,Fruits,Online,L,07-11-2011,830192887,18-12-2011,1379,9.33,6.92,Jack,Jacsia887
Sub-Saharan Africa,Tanzania,Beverages,Online,L,30-11-2016,659878194,16-01-2017,1476,47.45,31.79,Zaved,Zavica194
Europe,Monaco,Personal Care,Online,M,16-03-2015,934613645,22-03-2015,1801,81.73,56.67,Watson,Watope645
Middle East and North Africa,Morocco,Clothes,Online,M,14-09-2013,667593514,19-10-2013,4611,109.28,35.84,Haze,Hazica514
Sub-Saharan Africa,Togo,Cosmetics,Online,M,08-09-2015,563681733,09-09-2015,4806,437.2,263.33,Emily,Emiica733
Europe,Ukraine,Fruits,Online,L,23-11-2016,110557496,24-12-2016,5275,9.33,6.92,Sonio,Sonope496
Asia,Feriha-India,Snacks,Online,L,10-10-2012,440306556,20-11-2012,5349,152.58,97.44,Feriha,Fersia556
Europe,France,Cosmetics,Online,M,07-12-2015,324669444,18-01-2016,5758,437.2,263.33,Hary,Harope444
Europe,Ukraine,Cosmetics,Online,M,08-02-2014,942602765,27-02-2014,5960,437.2,263.33,HanTaeSu,Hanope765
Asia,James-Thailand,Fruits,Online,M,29-06-2017,980155408,04-07-2017,8621,13.995,6.92,James,Jamsia408
